{
  "residual_threshold": 1.7092165137277496e-12,
  "pivot_spike_factor": 3.0,
  "median_residual": 1.5929129777344317e-12
}