{
  "config": {
    "n_runs": 1000,
    "n_steps": 12,
    "embedding_dim": 64
  },
  "statistics": {
    "gold": {
      "mean": 1.4564479113873416,
      "std": 0.10767254694319027,
      "median": 1.454711754931917,
      "min": 1.2364952471805908,
      "max": 1.7082544264356678,
      "q25": 1.368023878741791,
      "q75": 1.5407176631672481
    },
    "creative": {
      "mean": 1.1447589788735677,
      "std": 0.030944140799052295,
      "median": 1.1432907508612935,
      "min": 1.0567827216720858,
      "max": 1.3053136051599108,
      "q25": 1.1244062156988435,
      "q75": 1.1652941329405206
    },
    "drift": {
      "mean": 1.7419681163039293,
      "std": 0.0986230785005808,
      "median": 1.7493109263063094,
      "min": 1.4509874532100877,
      "max": 1.9380870312525458,
      "q25": 1.6761755410330061,
      "q75": 1.8176585658678968
    },
    "poison": {
      "mean": 1.4303335501617958,
      "std": 0.022913927429672094,
      "median": 1.4330693588041026,
      "min": 1.2813089471398929,
      "max": 1.4861165969407715,
      "q25": 1.4186377812272986,
      "q75": 1.445705954379357
    },
    "starved": {
      "mean": 1.3586074386081626,
      "std": 0.04580313980879674,
      "median": 1.3537467854835716,
      "min": 1.227428868246151,
      "max": 1.586075960539127,
      "q25": 1.3287268713452907,
      "q75": 1.3815113260003136
    }
  },
  "hypothesis_tests": {
    "gold_vs_drift_ttest": {
      "t_statistic": -61.83642554464527,
      "p_value": 0.0,
      "significant_at_001": true
    },
    "gold_vs_drift_mannwhitney": {
      "u_statistic": 27394.0,
      "p_value": 1.4988917326042495e-293,
      "significant_at_001": true
    },
    "gold_vs_drift_effect_size": {
      "cohens_d": 2.765409020068626,
      "interpretation": "large"
    },
    "creative_vs_drift_ttest": {
      "t_statistic": -182.70837636531726,
      "p_value": 0.0,
      "significant_at_001": true
    },
    "gold_vs_creative_ttest": {
      "t_statistic": 87.97993748882237,
      "p_value": 0.0,
      "not_significantly_different": false
    },
    "gold_vs_poison_ttest": {
      "t_statistic": 7.501641570887902,
      "p_value": 0.9999999999999529,
      "significant_at_001": false
    },
    "gold_vs_starved_ttest": {
      "t_statistic": 26.442110771394262,
      "p_value": 1.0,
      "significant_at_001": false
    }
  },
  "separation_metrics": {
    "optimal_threshold": 1.6059371658327743,
    "best_accuracy": 0.9393333333333334,
    "auc_roc": 0.986303
  },
  "verdict": "FAIL"
}