{
  "config": {
    "n_runs": 1000,
    "n_steps": 12,
    "embedding_dim": 64
  },
  "statistics": {
    "gold": {
      "mean": 1.103377279229248,
      "std": 0.06113542815676616,
      "median": 1.1093249608304094,
      "min": 0.8894622515290896,
      "max": 1.277759746655557,
      "q25": 1.0645190023483937,
      "q75": 1.144528058165577
    },
    "creative": {
      "mean": 1.4134931741909504,
      "std": 0.06348853834149587,
      "median": 1.4139838745564357,
      "min": 1.2283522839665295,
      "max": 1.6207111320831395,
      "q25": 1.3713060655656923,
      "q75": 1.453529999859378
    },
    "drift": {
      "mean": 2.3280583984311525,
      "std": 0.09131939529955192,
      "median": 2.3336638224091213,
      "min": 2.0002620137335265,
      "max": 2.547452613070785,
      "q25": 2.2742735293066625,
      "q75": 2.389790097460092
    },
    "poison": {
      "mean": 1.9975644942214672,
      "std": 0.06977068250549427,
      "median": 1.998035672698576,
      "min": 1.7378531492601879,
      "max": 2.1972239911145652,
      "q25": 1.949324306812726,
      "q75": 2.0465653474066334
    },
    "starved": {
      "mean": 1.9769073096913226,
      "std": 0.09230366803426421,
      "median": 1.97401209049343,
      "min": 1.6946319966218075,
      "max": 2.362661912949788,
      "q25": 1.914100357291429,
      "q75": 2.0412864841813247
    }
  },
  "hypothesis_tests": {
    "gold_vs_drift_ttest": {
      "t_statistic": -352.40947720214564,
      "p_value": 0.0,
      "significant_at_001": true
    },
    "gold_vs_drift_mannwhitney": {
      "u_statistic": 0.0,
      "p_value": 0.0,
      "significant_at_001": true
    },
    "gold_vs_drift_effect_size": {
      "cohens_d": 15.760230938783202,
      "interpretation": "large"
    },
    "creative_vs_drift_ttest": {
      "t_statistic": -260.03354057735044,
      "p_value": 0.0,
      "significant_at_001": true
    },
    "gold_vs_creative_ttest": {
      "t_statistic": -111.2653789831527,
      "p_value": 0.0,
      "not_significantly_different": false
    },
    "gold_vs_poison_ttest": {
      "t_statistic": -304.81805417608183,
      "p_value": 0.0,
      "significant_at_001": true
    },
    "gold_vs_starved_ttest": {
      "t_statistic": -249.50356327082184,
      "p_value": 0.0,
      "significant_at_001": true
    }
  },
  "separation_metrics": {
    "optimal_threshold": 1.622643918944513,
    "best_accuracy": 1.0,
    "auc_roc": 1.0
  },
  "verdict": "PASS"
}