{
  "config": {
    "n_runs": 1000,
    "n_steps": 12,
    "embedding_dim": 64
  },
  "statistics": {
    "gold": {
      "mean": 1.1032331970934277,
      "std": 0.0640151901165304,
      "median": 1.1073535243426154,
      "min": 0.8633282827401487,
      "max": 1.2775789085081461,
      "q25": 1.0621112696427837,
      "q75": 1.1462670324740212
    },
    "creative": {
      "mean": 1.41288695281906,
      "std": 0.0619506027893415,
      "median": 1.4128838940242463,
      "min": 1.2366591959380524,
      "max": 1.6133607324227863,
      "q25": 1.3692705473955944,
      "q75": 1.4536432785929005
    },
    "drift": {
      "mean": 2.3285123742510003,
      "std": 0.08319457465990816,
      "median": 2.3309646218665394,
      "min": 2.019269111888943,
      "max": 2.568013783867263,
      "q25": 2.2745298353837278,
      "q75": 2.3845200217510154
    },
    "poison": {
      "mean": 1.9989474656449546,
      "std": 0.06739245596357069,
      "median": 2.002665689590428,
      "min": 1.7586552232224992,
      "max": 2.201278824612296,
      "q25": 1.9581039032257364,
      "q75": 2.0452031036178546
    },
    "starved": {
      "mean": 1.9797680219607692,
      "std": 0.09313556451823155,
      "median": 1.977143827597493,
      "min": 1.6988503474861074,
      "max": 2.2803903656515407,
      "q25": 1.9180933571079724,
      "q75": 2.0435218173892196
    }
  },
  "hypothesis_tests": {
    "gold_vs_drift_ttest": {
      "t_statistic": -369.1122068058286,
      "p_value": 0.0,
      "significant_at_001": true
    },
    "gold_vs_drift_mannwhitney": {
      "u_statistic": 0.0,
      "p_value": 0.0,
      "significant_at_001": true
    },
    "gold_vs_drift_effect_size": {
      "cohens_d": 16.507199714855865,
      "interpretation": "large"
    },
    "creative_vs_drift_ttest": {
      "t_statistic": -279.1435261551873,
      "p_value": 0.0,
      "significant_at_001": true
    },
    "gold_vs_creative_ttest": {
      "t_statistic": -109.92093138644836,
      "p_value": 0.0,
      "not_significantly_different": false
    },
    "gold_vs_poison_ttest": {
      "t_statistic": -304.73369011539387,
      "p_value": 0.0,
      "significant_at_001": true
    },
    "gold_vs_starved_ttest": {
      "t_statistic": -245.2656310943527,
      "p_value": 0.0,
      "significant_at_001": true
    }
  },
  "separation_metrics": {
    "optimal_threshold": 1.617159057107918,
    "best_accuracy": 1.0,
    "auc_roc": 1.0
  },
  "verdict": "PASS"
}