{
  "config": {
    "n_runs": 1000,
    "n_steps": 12,
    "embedding_dim": 64
  },
  "statistics": {
    "gold": {
      "mean": 1.3157132354271233,
      "std": 0.02066207050636858,
      "median": 1.3150114168205405,
      "min": 1.2469457197565654,
      "max": 1.383845066013082,
      "q25": 1.3021374443914326,
      "q75": 1.3291565797676246
    },
    "creative": {
      "mean": 1.1453831919522521,
      "std": 0.029570952800415173,
      "median": 1.1438863297979427,
      "min": 1.05900810729019,
      "max": 1.2565614442795243,
      "q25": 1.124935326520591,
      "q75": 1.1642275928209682
    },
    "drift": {
      "mean": 1.5187256753679332,
      "std": 0.025439347529913215,
      "median": 1.5215115088922988,
      "min": 1.4415487330766394,
      "max": 1.5823004456723269,
      "q25": 1.500998689402951,
      "q75": 1.5356507354377937
    },
    "poison": {
      "mean": 1.0491471387750886,
      "std": 0.014501867284237075,
      "median": 1.0495446779665911,
      "min": 0.9987841998808122,
      "max": 1.0982142900168008,
      "q25": 1.039707607217394,
      "q75": 1.0584757092529136
    },
    "starved": {
      "mean": 1.3549859868567313,
      "std": 0.036971138975170306,
      "median": 1.3540791399679302,
      "min": 1.2407494222134638,
      "max": 1.4711725514762997,
      "q25": 1.3287798392365644,
      "q75": 1.3800201047507472
    }
  },
  "hypothesis_tests": {
    "gold_vs_drift_ttest": {
      "t_statistic": -195.88628076833558,
      "p_value": 0.0,
      "significant_at_001": true
    },
    "gold_vs_drift_mannwhitney": {
      "u_statistic": 0.0,
      "p_value": 0.0,
      "significant_at_001": true
    },
    "gold_vs_drift_effect_size": {
      "cohens_d": 8.760300793152162,
      "interpretation": "large"
    },
    "creative_vs_drift_ttest": {
      "t_statistic": -302.6613231923745,
      "p_value": 0.0,
      "significant_at_001": true
    },
    "gold_vs_creative_ttest": {
      "t_statistic": 149.3111116144518,
      "p_value": 0.0,
      "not_significantly_different": false
    },
    "gold_vs_poison_ttest": {
      "t_statistic": 333.9322803632155,
      "p_value": 1.0,
      "significant_at_001": false
    },
    "gold_vs_starved_ttest": {
      "t_statistic": -29.32283661114589,
      "p_value": 8.425410826883467e-158,
      "significant_at_001": true
    }
  },
  "separation_metrics": {
    "optimal_threshold": 1.3850797151262952,
    "best_accuracy": 1.0,
    "auc_roc": 1.0
  },
  "verdict": "FAIL"
}