dataset_tag,mean,median,std
creative,0.9312305578983822,0.9702782948912689,0.13233987830064203
drift,0.9086995843630773,0.9395754059285052,0.19306733076804894
gold,1.0099477053294188,1.0012100423041943,0.042035030596357
poison,1.0827210157934966,1.0773349537757528,0.06414771480078363
starvation,0.9353122291303241,0.9893969472942461,0.18958437974386824
