dataset_tag,mean,median,std
creative,0.5843909851162612,0.579072272884746,0.00921227981582227
drift,0.5843909851162611,0.579072272884746,0.00921227981582227
gold,0.5843909851162611,0.579072272884746,0.00921227981582227
poison,0.5843909851162612,0.579072272884746,0.00921227981582227
